end	labels	start
2.952443827479339	Speaker 1	0.5210194989669422
6.460641787190083	Speaker 1	4.272359891528926
9.725697314049587	Speaker 1	7.711088584710745
12.817079674586777	Speaker 1	10.837205578512396
16.151604467975208	Speaker 1	14.171730371900827
19.069313662190083	Speaker 1	17.29784736570248
22.2301652892562	Speaker 1	20.562902892561983
25.668893982438018	Speaker 1	23.654285253099175
28.690807076446283	Speaker 1	27.05827931301653
32.09480113636364	Speaker 1	30.01072314049587